-- MySQL dump 10.13  Distrib 5.7.26, for macos10.14 (x86_64)
--
-- Host: localhost    Database: hyf123
-- ------------------------------------------------------
-- Server version	5.7.26

/*!40101 SET @OLD_CHARACTER_SET_CLIENT=@@CHARACTER_SET_CLIENT */;
/*!40101 SET @OLD_CHARACTER_SET_RESULTS=@@CHARACTER_SET_RESULTS */;
/*!40101 SET @OLD_COLLATION_CONNECTION=@@COLLATION_CONNECTION */;
/*!40101 SET NAMES utf8 */;
/*!40103 SET @OLD_TIME_ZONE=@@TIME_ZONE */;
/*!40103 SET TIME_ZONE='+00:00' */;
/*!40014 SET @OLD_UNIQUE_CHECKS=@@UNIQUE_CHECKS, UNIQUE_CHECKS=0 */;
/*!40014 SET @OLD_FOREIGN_KEY_CHECKS=@@FOREIGN_KEY_CHECKS, FOREIGN_KEY_CHECKS=0 */;
/*!40101 SET @OLD_SQL_MODE=@@SQL_MODE, SQL_MODE='NO_AUTO_VALUE_ON_ZERO' */;
/*!40111 SET @OLD_SQL_NOTES=@@SQL_NOTES, SQL_NOTES=0 */;

--
-- Table structure for table `C`
--

DROP TABLE IF EXISTS `C`;
/*!40101 SET @saved_cs_client     = @@character_set_client */;
/*!40101 SET character_set_client = utf8 */;
CREATE TABLE `C` (
  `CNO` varchar(200) COLLATE utf8_bin DEFAULT NULL,
  `CNAME` varchar(200) COLLATE utf8_bin DEFAULT NULL,
  `CTEACHER` varchar(200) COLLATE utf8_bin DEFAULT NULL
) ENGINE=InnoDB DEFAULT CHARSET=utf8 COLLATE=utf8_bin;
/*!40101 SET character_set_client = @saved_cs_client */;

--
-- Dumping data for table `C`
--

LOCK TABLES `C` WRITE;
/*!40000 ALTER TABLE `C` DISABLE KEYS */;
INSERT INTO `C` VALUES ('1','语文','张'),('2','政治','王'),('3','英语','李'),('4','数学','赵'),('5','物理','黎明');
/*!40000 ALTER TABLE `C` ENABLE KEYS */;
UNLOCK TABLES;

--
-- Table structure for table `DEPT`
--

DROP TABLE IF EXISTS `DEPT`;
/*!40101 SET @saved_cs_client     = @@character_set_client */;
/*!40101 SET character_set_client = utf8 */;
CREATE TABLE `DEPT` (
  `DEPTNO` int(2) NOT NULL,
  `DNAME` varchar(14) DEFAULT NULL,
  `LOC` varchar(13) DEFAULT NULL,
  PRIMARY KEY (`DEPTNO`)
) ENGINE=InnoDB DEFAULT CHARSET=latin1;
/*!40101 SET character_set_client = @saved_cs_client */;

--
-- Dumping data for table `DEPT`
--

LOCK TABLES `DEPT` WRITE;
/*!40000 ALTER TABLE `DEPT` DISABLE KEYS */;
INSERT INTO `DEPT` VALUES (10,'ACCOUNTING','NEW YORK'),(20,'RESEARCH','DALLAS'),(30,'SALES','CHICAGO'),(40,'OPERATIONS','BOSTON');
/*!40000 ALTER TABLE `DEPT` ENABLE KEYS */;
UNLOCK TABLES;

--
-- Table structure for table `EMP`
--

DROP TABLE IF EXISTS `EMP`;
/*!40101 SET @saved_cs_client     = @@character_set_client */;
/*!40101 SET character_set_client = utf8 */;
CREATE TABLE `EMP` (
  `EMPNO` int(4) NOT NULL,
  `ENAME` varchar(10) DEFAULT NULL,
  `JOB` varchar(9) DEFAULT NULL,
  `MGR` int(4) DEFAULT NULL,
  `HIREDATE` date DEFAULT NULL,
  `SAL` double(7,2) DEFAULT NULL,
  `COMM` double(7,2) DEFAULT NULL,
  `DEPTNO` int(2) DEFAULT NULL,
  PRIMARY KEY (`EMPNO`),
  KEY `emp_ename_index` (`ENAME`),
  KEY `emp_job_sal_index` (`JOB`,`SAL`),
  KEY `emp_sal` (`SAL`)
) ENGINE=InnoDB DEFAULT CHARSET=latin1;
/*!40101 SET character_set_client = @saved_cs_client */;

--
-- Dumping data for table `EMP`
--

LOCK TABLES `EMP` WRITE;
/*!40000 ALTER TABLE `EMP` DISABLE KEYS */;
INSERT INTO `EMP` VALUES (7369,'SMITH','CLERK',7902,'1980-12-17',800.00,NULL,20),(7499,'ALLEN','SALESMAN',7698,'1981-02-20',1600.00,300.00,30),(7521,'WARD','SALESMAN',7698,'1981-02-22',1250.00,500.00,30),(7566,'JONES','MANAGER',7839,'1981-04-02',2975.00,NULL,20),(7654,'MARTIN','SALESMAN',7698,'1981-09-28',1250.00,1400.00,30),(7698,'BLAKE','MANAGER',7839,'1981-05-01',2850.00,NULL,30),(7782,'CLARK','MANAGER',7839,'1981-06-09',2450.00,NULL,10),(7788,'SCOTT','ANALYST',7566,'1987-04-19',3000.00,NULL,20),(7839,'KING','PRESIDENT',NULL,'1981-11-17',5000.00,NULL,10),(7844,'TURNER','SALESMAN',7698,'1981-09-08',1500.00,0.00,30),(7876,'ADAMS','CLERK',7788,'1987-05-23',1100.00,NULL,20),(7900,'JAMES','CLERK',7698,'1981-12-03',950.00,NULL,30),(7902,'FORD','ANALYST',7566,'1981-12-03',3000.00,NULL,20),(7934,'MILLER','CLERK',7782,'1982-01-23',1300.00,NULL,10);
/*!40000 ALTER TABLE `EMP` ENABLE KEYS */;
UNLOCK TABLES;

--
-- Table structure for table `S`
--

DROP TABLE IF EXISTS `S`;
/*!40101 SET @saved_cs_client     = @@character_set_client */;
/*!40101 SET character_set_client = utf8 */;
CREATE TABLE `S` (
  `SNO` varchar(200) COLLATE utf8_bin DEFAULT NULL,
  `SNAME` varchar(200) COLLATE utf8_bin DEFAULT NULL
) ENGINE=InnoDB DEFAULT CHARSET=utf8 COLLATE=utf8_bin;
/*!40101 SET character_set_client = @saved_cs_client */;

--
-- Dumping data for table `S`
--

LOCK TABLES `S` WRITE;
/*!40000 ALTER TABLE `S` DISABLE KEYS */;
INSERT INTO `S` VALUES ('1','学生 1'),('2','学生 2'),('3','学生 3'),('4','学生 4');
/*!40000 ALTER TABLE `S` ENABLE KEYS */;
UNLOCK TABLES;

--
-- Table structure for table `SALGRADE`
--

DROP TABLE IF EXISTS `SALGRADE`;
/*!40101 SET @saved_cs_client     = @@character_set_client */;
/*!40101 SET character_set_client = utf8 */;
CREATE TABLE `SALGRADE` (
  `GRADE` int(11) DEFAULT NULL,
  `LOSAL` int(11) DEFAULT NULL,
  `HISAL` int(11) DEFAULT NULL
) ENGINE=InnoDB DEFAULT CHARSET=latin1;
/*!40101 SET character_set_client = @saved_cs_client */;

--
-- Dumping data for table `SALGRADE`
--

LOCK TABLES `SALGRADE` WRITE;
/*!40000 ALTER TABLE `SALGRADE` DISABLE KEYS */;
INSERT INTO `SALGRADE` VALUES (1,700,1200),(2,1201,1400),(3,1401,2000),(4,2001,3000),(5,3001,9999);
/*!40000 ALTER TABLE `SALGRADE` ENABLE KEYS */;
UNLOCK TABLES;

--
-- Table structure for table `SC`
--

DROP TABLE IF EXISTS `SC`;
/*!40101 SET @saved_cs_client     = @@character_set_client */;
/*!40101 SET character_set_client = utf8 */;
CREATE TABLE `SC` (
  `SNO` varchar(200) COLLATE utf8_bin DEFAULT NULL,
  `CNO` varchar(200) COLLATE utf8_bin DEFAULT NULL,
  `SCGRADE` varchar(200) COLLATE utf8_bin DEFAULT NULL
) ENGINE=InnoDB DEFAULT CHARSET=utf8 COLLATE=utf8_bin;
/*!40101 SET character_set_client = @saved_cs_client */;

--
-- Dumping data for table `SC`
--

LOCK TABLES `SC` WRITE;
/*!40000 ALTER TABLE `SC` DISABLE KEYS */;
INSERT INTO `SC` VALUES ('1','1','40'),('1','2','30'),('1','3','20'),('1','4','80'),('1','5','60'),('2','1','60'),('2','2','60'),('2','3','60'),('2','4','60'),('2','5','40'),('3','1','60'),('3','3','80');
/*!40000 ALTER TABLE `SC` ENABLE KEYS */;
UNLOCK TABLES;

--
-- Table structure for table `dept2`
--

DROP TABLE IF EXISTS `dept2`;
/*!40101 SET @saved_cs_client     = @@character_set_client */;
/*!40101 SET character_set_client = utf8 */;
CREATE TABLE `dept2` (
  `DEPTNO` int(2) NOT NULL,
  `DNAME` varchar(14) CHARACTER SET latin1 DEFAULT NULL,
  `LOC` varchar(13) CHARACTER SET latin1 DEFAULT NULL
) ENGINE=InnoDB DEFAULT CHARSET=utf8 COLLATE=utf8_bin;
/*!40101 SET character_set_client = @saved_cs_client */;

--
-- Dumping data for table `dept2`
--

LOCK TABLES `dept2` WRITE;
/*!40000 ALTER TABLE `dept2` DISABLE KEYS */;
/*!40000 ALTER TABLE `dept2` ENABLE KEYS */;
UNLOCK TABLES;

--
-- Temporary table structure for view `dept2_view`
--

DROP TABLE IF EXISTS `dept2_view`;
/*!50001 DROP VIEW IF EXISTS `dept2_view`*/;
SET @saved_cs_client     = @@character_set_client;
SET character_set_client = utf8;
/*!50001 CREATE VIEW `dept2_view` AS SELECT 
 1 AS `DEPTNO`,
 1 AS `DNAME`,
 1 AS `LOC`*/;
SET character_set_client = @saved_cs_client;

--
-- Table structure for table `dept_bak`
--

DROP TABLE IF EXISTS `dept_bak`;
/*!40101 SET @saved_cs_client     = @@character_set_client */;
/*!40101 SET character_set_client = utf8 */;
CREATE TABLE `dept_bak` (
  `DEPTNO` int(2) NOT NULL,
  `DNAME` varchar(14) DEFAULT NULL,
  `LOC` varchar(13) DEFAULT NULL
) ENGINE=InnoDB DEFAULT CHARSET=latin1;
/*!40101 SET character_set_client = @saved_cs_client */;

--
-- Dumping data for table `dept_bak`
--

LOCK TABLES `dept_bak` WRITE;
/*!40000 ALTER TABLE `dept_bak` DISABLE KEYS */;
INSERT INTO `dept_bak` VALUES (10,'sales','hy'),(1,'a','a');
/*!40000 ALTER TABLE `dept_bak` ENABLE KEYS */;
UNLOCK TABLES;

--
-- Table structure for table `emp2`
--

DROP TABLE IF EXISTS `emp2`;
/*!40101 SET @saved_cs_client     = @@character_set_client */;
/*!40101 SET character_set_client = utf8 */;
CREATE TABLE `emp2` (
  `EMPNO` int(4) NOT NULL,
  `ENAME` varchar(10) DEFAULT NULL,
  `JOB` varchar(9) DEFAULT NULL,
  `MGR` int(4) DEFAULT NULL,
  `HIREDATE` date DEFAULT NULL,
  `SAL` double(7,2) DEFAULT NULL,
  `COMM` double(7,2) DEFAULT NULL,
  `DEPTNO` int(2) DEFAULT NULL
) ENGINE=InnoDB DEFAULT CHARSET=latin1;
/*!40101 SET character_set_client = @saved_cs_client */;

--
-- Dumping data for table `emp2`
--

LOCK TABLES `emp2` WRITE;
/*!40000 ALTER TABLE `emp2` DISABLE KEYS */;
INSERT INTO `emp2` VALUES (7369,'SMITH','CLERK',7902,'1980-12-17',800.00,NULL,20),(7499,'ALLEN','SALESMAN',7698,'1981-02-20',1600.00,300.00,30),(7521,'WARD','SALESMAN',7698,'1981-02-22',1250.00,500.00,30),(7566,'JONES','MANAGER',7839,'1981-04-02',2975.00,NULL,20),(7654,'MARTIN','SALESMAN',7698,'1981-09-28',1250.00,1400.00,30),(7698,'BLAKE','MANAGER',7839,'1981-05-01',2850.00,NULL,30),(7782,'CLARK','MANAGER',7839,'1981-06-09',2450.00,NULL,10),(7788,'SCOTT','ANALYST',7566,'1987-04-19',3000.00,NULL,20),(7839,'KING','PRESIDENT',NULL,'1981-11-17',5000.00,NULL,10),(7844,'TURNER','SALESMAN',7698,'1981-09-08',1500.00,0.00,30),(7876,'ADAMS','CLERK',7788,'1987-05-23',1100.00,NULL,20),(7900,'JAMES','CLERK',7698,'1981-12-03',950.00,NULL,30),(7902,'FORD','ANALYST',7566,'1981-12-03',3000.00,NULL,20),(7934,'MILLER','CLERK',7782,'1982-01-23',1300.00,NULL,10);
/*!40000 ALTER TABLE `emp2` ENABLE KEYS */;
UNLOCK TABLES;

--
-- Table structure for table `mytable`
--

DROP TABLE IF EXISTS `mytable`;
/*!40101 SET @saved_cs_client     = @@character_set_client */;
/*!40101 SET character_set_client = utf8 */;
CREATE TABLE `mytable` (
  `empno` int(4) NOT NULL
) ENGINE=InnoDB DEFAULT CHARSET=latin1;
/*!40101 SET character_set_client = @saved_cs_client */;

--
-- Dumping data for table `mytable`
--

LOCK TABLES `mytable` WRITE;
/*!40000 ALTER TABLE `mytable` DISABLE KEYS */;
INSERT INTO `mytable` VALUES (7566),(7698),(7782);
/*!40000 ALTER TABLE `mytable` ENABLE KEYS */;
UNLOCK TABLES;

--
-- Table structure for table `t_class`
--

DROP TABLE IF EXISTS `t_class`;
/*!40101 SET @saved_cs_client     = @@character_set_client */;
/*!40101 SET character_set_client = utf8 */;
CREATE TABLE `t_class` (
  `classno` int(11) NOT NULL,
  `classname` varchar(255) COLLATE utf8_bin DEFAULT NULL,
  PRIMARY KEY (`classno`)
) ENGINE=InnoDB DEFAULT CHARSET=utf8 COLLATE=utf8_bin;
/*!40101 SET character_set_client = @saved_cs_client */;

--
-- Dumping data for table `t_class`
--

LOCK TABLES `t_class` WRITE;
/*!40000 ALTER TABLE `t_class` DISABLE KEYS */;
INSERT INTO `t_class` VALUES (100,'北京市大兴区亦庄镇第二中学高三1班'),(101,'北京市大兴区亦庄镇第二中学高三1班');
/*!40000 ALTER TABLE `t_class` ENABLE KEYS */;
UNLOCK TABLES;

--
-- Table structure for table `t_costomer`
--

DROP TABLE IF EXISTS `t_costomer`;
/*!40101 SET @saved_cs_client     = @@character_set_client */;
/*!40101 SET character_set_client = utf8 */;
CREATE TABLE `t_costomer` (
  `id` int(11) NOT NULL AUTO_INCREMENT,
  `name` varchar(255) NOT NULL,
  PRIMARY KEY (`id`)
) ENGINE=InnoDB AUTO_INCREMENT=4 DEFAULT CHARSET=latin1;
/*!40101 SET character_set_client = @saved_cs_client */;

--
-- Dumping data for table `t_costomer`
--

LOCK TABLES `t_costomer` WRITE;
/*!40000 ALTER TABLE `t_costomer` DISABLE KEYS */;
INSERT INTO `t_costomer` VALUES (1,'a'),(2,'b'),(3,'c');
/*!40000 ALTER TABLE `t_costomer` ENABLE KEYS */;
UNLOCK TABLES;

--
-- Table structure for table `t_student`
--

DROP TABLE IF EXISTS `t_student`;
/*!40101 SET @saved_cs_client     = @@character_set_client */;
/*!40101 SET character_set_client = utf8 */;
CREATE TABLE `t_student` (
  `no` int(11) NOT NULL AUTO_INCREMENT,
  `name` varchar(255) COLLATE utf8_bin DEFAULT NULL,
  `cno` int(11) DEFAULT NULL,
  PRIMARY KEY (`no`),
  KEY `cno` (`cno`),
  CONSTRAINT `t_student_ibfk_1` FOREIGN KEY (`cno`) REFERENCES `t_class` (`classno`)
) ENGINE=InnoDB AUTO_INCREMENT=18 DEFAULT CHARSET=utf8 COLLATE=utf8_bin;
/*!40101 SET character_set_client = @saved_cs_client */;

--
-- Dumping data for table `t_student`
--

LOCK TABLES `t_student` WRITE;
/*!40000 ALTER TABLE `t_student` DISABLE KEYS */;
INSERT INTO `t_student` VALUES (9,'jack',100),(10,'lucy',100),(11,'lilei',100),(12,'hanmeimei',100),(13,'zhangsan',101),(14,'lisi',101),(15,'wangwu',101),(16,'zhaoliu',101),(17,'zs',NULL);
/*!40000 ALTER TABLE `t_student` ENABLE KEYS */;
UNLOCK TABLES;

--
-- Table structure for table `t_vip`
--

DROP TABLE IF EXISTS `t_vip`;
/*!40101 SET @saved_cs_client     = @@character_set_client */;
/*!40101 SET character_set_client = utf8 */;
CREATE TABLE `t_vip` (
  `id` int(11) NOT NULL AUTO_INCREMENT,
  `name` varchar(255) DEFAULT NULL,
  PRIMARY KEY (`id`)
) ENGINE=InnoDB AUTO_INCREMENT=6 DEFAULT CHARSET=latin1;
/*!40101 SET character_set_client = @saved_cs_client */;

--
-- Dumping data for table `t_vip`
--

LOCK TABLES `t_vip` WRITE;
/*!40000 ALTER TABLE `t_vip` DISABLE KEYS */;
INSERT INTO `t_vip` VALUES (1,'hyf'),(2,'hyf'),(3,'hyf'),(4,'hyf'),(5,'hyf');
/*!40000 ALTER TABLE `t_vip` ENABLE KEYS */;
UNLOCK TABLES;

--
-- Final view structure for view `dept2_view`
--

/*!50001 DROP VIEW IF EXISTS `dept2_view`*/;
/*!50001 SET @saved_cs_client          = @@character_set_client */;
/*!50001 SET @saved_cs_results         = @@character_set_results */;
/*!50001 SET @saved_col_connection     = @@collation_connection */;
/*!50001 SET character_set_client      = utf8 */;
/*!50001 SET character_set_results     = utf8 */;
/*!50001 SET collation_connection      = utf8_general_ci */;
/*!50001 CREATE ALGORITHM=UNDEFINED */
/*!50013 DEFINER=`root`@`localhost` SQL SECURITY DEFINER */
/*!50001 VIEW `dept2_view` AS select `dept2`.`DEPTNO` AS `DEPTNO`,`dept2`.`DNAME` AS `DNAME`,`dept2`.`LOC` AS `LOC` from `dept2` */;
/*!50001 SET character_set_client      = @saved_cs_client */;
/*!50001 SET character_set_results     = @saved_cs_results */;
/*!50001 SET collation_connection      = @saved_col_connection */;
/*!40103 SET TIME_ZONE=@OLD_TIME_ZONE */;

/*!40101 SET SQL_MODE=@OLD_SQL_MODE */;
/*!40014 SET FOREIGN_KEY_CHECKS=@OLD_FOREIGN_KEY_CHECKS */;
/*!40014 SET UNIQUE_CHECKS=@OLD_UNIQUE_CHECKS */;
/*!40101 SET CHARACTER_SET_CLIENT=@OLD_CHARACTER_SET_CLIENT */;
/*!40101 SET CHARACTER_SET_RESULTS=@OLD_CHARACTER_SET_RESULTS */;
/*!40101 SET COLLATION_CONNECTION=@OLD_COLLATION_CONNECTION */;
/*!40111 SET SQL_NOTES=@OLD_SQL_NOTES */;

-- Dump completed on 2022-03-07 16:52:11
